iter	Passed	Remaining
0	416	2082272
1	735	1838237
2	908	1513175
3	1162	1451356
4	1385	1384246
5	1590	1324040
6	1743	1243640
7	1926	1202266
8	2151	1193302
9	2297	1146500
10	2536	1150404
11	2724	1132371
12	2900	1112783
13	3143	1119612
14	3354	1114700
15	3554	1107292
16	3751	1099502
17	4000	1107226
18	4196	1100023
19	4375	1089542
20	4586	1087532
21	4829	1092702
22	4972	1076039
23	5180	1074044
24	5400	1074652
25	5626	1076375
26	5851	1077747
27	6074	1078685
28	6223	1066720
29	6449	1068471
30	6684	1071400
31	6906	1072279
32	7132	1073544
33	7330	1070669
34	7561	1072624
35	7759	1069900
36	7965	1068491
37	8161	1065663
38	8365	1064117
39	8570	1062722
40	8793	1063606
41	9011	1063731
42	9186	1059060
43	9389	1057605
44	9593	1056319
45	9787	1054101
46	9976	1051350
47	10150	1047161
48	10340	1044835
49	10540	1043501
50	10772	1045401
51	10975	1044360
52	11181	1043642
53	11373	1041766
54	11589	1042021
55	11787	1040649
56	12011	1041631
57	12245	1043400
58	12466	1043975
59	12685	1044465
60	12906	1044972
61	13126	1045487
62	13342	1045561
63	13549	1045011
64	13759	1044649
65	13955	1043288
66	14171	1043426
67	14361	1041603
68	14555	1040213
69	14745	1038523
70	14954	1038199
71	15171	1038394
72	15373	1037591
73	15539	1034401
74	15757	1034718
75	15980	1035354
76	16189	1035107
77	16402	1035055
78	16596	1033823
79	16785	1032319
80	16996	1032197
81	17200	1031597
82	17417	1031847
83	17621	1031283
84	17830	1030997
85	18035	1030548
86	18255	1030897
87	18453	1030013
88	18671	1030312
89	18857	1028783
90	19092	1029925
91	19307	1030018
92	19541	1031090
93	19756	1031103
94	19961	1030656
95	20149	1029311
96	20356	1028937
97	20563	1028597
98	20769	1028175
99	20960	1027079
100	21179	1027325
101	21396	1027450
102	21593	1026618
103	21825	1027455
104	22038	1027398
105	22229	1026327
106	22454	1026838
107	22673	1027020
108	22879	1026641
109	23088	1026393
110	23292	1025919
111	23485	1024953
112	23649	1022806
113	23847	1022078
114	24061	1022095
115	24223	1019878
116	24454	1020624
117	24649	1019820
118	24844	1019040
119	25049	1018692
120	25180	1015345
121	25372	1014475
122	25579	1014217
123	25778	1013675
124	25970	1012868
125	26215	1014079
126	26437	1014393
127	26631	1013646
128	26839	1013448
129	27015	1012024
130	27227	1011987
131	27452	1012417
132	27660	1012192
133	27868	1011982
134	28061	1011255
135	28258	1010648
136	28459	1010207
137	28667	1010003
138	28887	1010233
139	29075	1009344
140	29274	1008823
141	29468	1008145
142	29676	1007948
143	29874	1007450
144	30084	1007305
145	30303	1007497
146	30496	1006815
147	30740	1007780
148	30926	1006877
149	31128	1006485
150	31342	1006485
151	31548	1006233
152	31771	1006506
153	31986	1006551
154	32205	1006673
155	32346	1004412
156	32496	1002422
157	32630	999976
158	32864	1000624
159	32998	998195
160	33132	995813
161	33268	993544
162	33416	991629
163	33631	991732
164	33789	990146
165	33992	989875
166	34202	989829
167	34403	989517
168	34612	989419
169	34749	987300
170	34885	985161
171	35031	983334
172	35173	981394
173	35315	979491
174	35571	980769
175	35773	980514
176	35960	979872
177	36177	980036
178	36334	978587
179	36492	977180
180	36677	976512
181	36889	976566
182	37042	975054
183	37267	975442
184	37466	975138
185	37681	975259
186	37886	975128
187	38024	973261
188	38239	973385
189	38382	971671
190	38549	970588
191	38778	971080
192	38953	970194
193	39187	970790
194	39364	969972
195	39556	969533
196	39780	969881
197	39983	969703
198	40190	969628
199	40383	969205
200	40598	969322
201	40813	969417
202	41028	969522
203	41248	969736
204	41389	968114
205	41585	967772
206	41733	966332
207	41976	967080
208	42194	967246
209	42410	967369
210	42619	967314
211	42849	967746
212	42991	966203
213	43194	966032
214	43433	966654
215	43576	965145
216	43792	965258
217	44016	965544
218	44227	965527
219	44425	965238
220	44655	965656
221	44852	965341
222	45067	965405
223	45312	966122
224	45516	965966
225	45760	966635
226	45969	966567
227	46181	966572
228	46409	966890
229	46635	967169
230	46843	967091
231	47055	967066
232	47257	966850
233	47472	966891
234	47699	967177
235	47926	967474
236	48146	967594
237	48372	967857
238	48589	967924
239	48777	967419
240	49002	967644
241	49255	968426
242	49469	968424
243	49687	968499
244	49904	968551
245	50117	968529
246	50345	968795
247	50538	968379
248	50717	967714
249	50899	967083
250	51149	967757
251	51348	967465
252	51551	967257
253	51764	967229
254	51977	967194
255	52185	967067
256	52432	967661
257	52628	967300
258	52839	967219
259	53049	967135
260	53263	967115
261	53517	967800
262	53742	967972
263	53959	967993
264	54170	967912
265	54374	967698
266	54577	967469
267	54792	967452
268	55031	967858
269	55243	967778
270	55445	967530
271	55656	967435
272	55793	966068
273	56036	966518
274	56256	966585
275	56473	966590
276	56666	966193
277	56875	966060
278	57142	966917
279	57338	966556
280	57578	966951
281	57786	966797
282	58007	966854
283	58247	967242
284	58465	967239
285	58679	967189
286	58907	967363
287	59127	967394
288	59335	967223
289	59538	966986
290	59771	967230
291	59939	966419
292	60194	967023
293	60400	966810
294	60648	967288
295	60843	966920
296	61034	966483
297	61251	966465
298	61475	966545
299	61692	966520
300	61893	966239
301	62079	965722
302	62275	965368
303	62500	965462
304	62704	965241
305	62961	965822
306	63174	965731
307	63414	966043
308	63612	965709
309	63833	965734
310	64093	966341
311	64267	965655
312	64530	966313
313	64764	966522
314	65015	966980
315	65251	967215
316	65451	966913
317	65661	966754
318	65898	966997
319	66116	966946
320	66310	966564
321	66534	966608
322	66744	966446
323	66967	966482
324	67179	966346
325	67418	966601
326	67677	967151
327	67949	967867
328	68158	967680
329	68367	967506
330	68574	967298
331	68819	967622
332	69026	967403
333	69237	967249
334	69438	966953
335	69585	965917
336	69807	965906
337	70035	965988
338	70272	966190
339	70469	965846
340	70707	966053
341	70946	966283
342	71144	965940
343	71359	965839
344	71582	965843
345	71817	966008
346	72062	966298
347	72266	966046
348	72467	965746
349	72703	965923
350	72934	966014
351	73160	966050
352	73420	966526
353	73639	966469
354	73855	966366
355	74084	966422
356	74282	966087
357	74502	966028
358	74697	965663
359	74912	965532
360	75129	965448
361	75352	965422
362	75559	965205
363	75795	965349
364	76005	965161
365	76214	964972
366	76437	964947
367	76688	965278
368	76906	965187
369	77162	965576
370	77375	965426
371	77641	965932
372	77905	966410
373	78146	966590
374	78368	966543
375	78638	967092
376	78943	968054
377	79230	968787
378	79437	968552
379	79667	968588
380	79935	969086
381	80223	969817
382	80458	969913
383	80672	969752
384	80901	969765
385	81137	969867
386	81402	970308
387	81609	970057
388	81832	969995
389	82054	969930
390	82276	969849
391	82587	970822
392	82802	970668
393	83032	970677
394	83318	971350
395	83583	971760
396	83836	972040
397	84119	972658
398	84375	972965
399	84644	973410
400	84920	973936
401	85221	974749
402	85464	974892
403	85713	975096
404	85984	975554
405	86259	976050
406	86551	976735
407	86839	977369
408	87148	978237
409	87418	978662
410	87667	978841
411	87972	979658
412	88207	979677
413	88476	980076
414	88690	979874
415	88988	980580
416	89248	980877
417	89484	980909
418	89729	981027
419	89959	980982
420	90203	981096
421	90455	981293
422	90729	981718
423	90986	981962
424	91256	982345
425	91511	982569
426	91744	982542
427	92011	982892
428	92231	982728
429	92503	983113
430	92836	984150
431	93073	984166
432	93360	984707
433	93719	985999
434	94126	987784
435	94425	988434
436	94763	989484
437	95184	991395
438	95484	992040
439	95845	993309
440	96139	993878
441	96415	994257
442	96646	994176
443	96936	994686
444	97166	994593
445	97430	994838
446	97698	995129
447	98003	995790
448	98296	996318
449	98539	996348
450	98808	996624
451	99098	997118
452	99351	997244
453	99586	997176
454	99863	997534
455	100089	997383
456	100316	997241
457	100590	997558
458	100920	998426
459	101177	998577
460	101514	999511
461	101741	999359
462	102044	999951
463	102319	1000263
464	102556	1000199
465	102826	1000465
466	103089	1000656
467	103330	1000627
468	103569	1000580
469	103847	1000913
470	104083	1000833
471	104273	1000323
472	104513	1000282
473	104762	1000323
474	105027	1000522
475	105258	1000394
476	105496	1000335
477	105756	1000480
478	106005	1000519
479	106302	1001012
480	106523	1000792
481	106755	1000663
482	107008	1000737
483	107276	1000949
484	107512	1000860
485	107729	1000594
486	107948	1000349
487	108169	1000128
488	108473	1000664
489	108739	1000843
490	108984	1000841
491	109267	1001170
492	109540	1001420
493	109836	1001872
494	110052	1001588
495	110293	1001540
496	110518	1001339
497	110791	1001569
498	111058	1001748
499	111306	1001756
500	111559	1001806
501	111780	1001571
502	112055	1001820
503	112329	1002047
504	112605	1002304
505	112836	1002146
506	113080	1002110
507	113320	1002039
508	113577	1002113
509	113790	1001803
510	114053	1001932
511	114296	1001884
512	114603	1002389
513	114836	1002251
514	115070	1002120
515	115295	1001909
516	115584	1002253
517	115821	1002149
518	116046	1001931
519	116257	1001606
520	116521	1001727
521	116744	1001497
522	116982	1001400
523	117240	1001467
524	117519	1001710
525	117759	1001626
526	117997	1001521
527	118270	1001714
528	118483	1001396
529	118710	1001199
530	118936	1000991
531	119168	1000840
532	119399	1000671
533	119624	1000456
534	119875	1000453
535	120114	1000353
536	120381	1000490
537	120619	1000381
538	120853	1000237
539	121061	999874
540	121272	999542
541	121534	999631
542	121778	999569
543	122025	999533
544	122287	999613
545	122504	999328
546	122747	999260
547	122931	998703
548	123155	998476
549	123412	998517
550	123661	998495
551	123954	998822
552	124200	998769
553	124513	999252
554	124744	999081
555	125004	999137
556	125239	998992
557	125509	999127
558	125779	999258
559	126060	999479
560	126347	999745
561	126620	999895
562	126872	999879
563	127126	999884
564	127365	999763
565	127609	999679
566	127833	999446
567	128101	999554
568	128316	999245
569	128573	999264
570	128813	999152
571	129050	999011
572	129276	998792
573	129544	998892
574	129818	999037
575	130066	998986
576	130289	998737
577	130521	998555
578	130774	998538
579	130995	998278
580	131167	997638
581	131401	997475
582	131674	997605
583	131927	997585
584	132173	997514
585	132437	997574
586	132685	997512
587	132961	997662
588	133212	997626
589	133480	997707
590	133781	998044
591	134032	997999
592	134304	998109
593	134598	998384
594	134838	998256
595	135087	998199
596	135323	998042
597	135556	997859
598	135785	997647
599	136035	997591
600	136282	997514
601	136503	997249
602	136765	997273
603	136988	997020
604	137264	997155
605	137462	996719
606	137727	996766
607	137991	996809
608	138207	996501
609	138449	996381
610	138653	995991
611	138918	996035
612	139172	996003
613	139389	995704
614	139660	995790
615	139892	995598
616	140191	995879
617	140411	995607
618	140649	995452
619	140896	995362
620	141114	995071
621	141341	994840
622	141588	994758
623	141836	994676
624	142107	994751
625	142341	994572
626	142562	994299
627	142784	994032
628	143024	993893
629	143253	993676
630	143489	993508
631	143701	993180
632	143945	993065
633	144149	992675
634	144371	992410
635	144606	992235
636	144843	992076
637	145098	992040
638	145308	991687
639	145534	991456
640	145768	991274
641	146024	991234
642	146317	991451
643	146564	991355
644	146806	991230
645	147043	991067
646	147257	990744
647	147470	990420
648	147716	990314
649	147955	990163
650	148272	990531
651	148538	990562
652	148795	990529
653	149060	990548
654	149323	990551
655	149524	990142
656	149772	990049
657	149999	989813
658	150240	989670
659	150540	989915
660	150844	990187
661	151098	990127
662	151354	990081
663	151607	990012
664	151838	989801
665	152067	989582
666	152306	989419
667	152549	989285
668	152788	989128
669	153050	989117
670	153327	989203
671	153601	989264
672	153896	989464
673	154122	989220
674	154303	988688
675	154548	988563
676	154768	988277
677	154996	988043
678	155228	987839
679	155496	987861
680	155740	987731
681	155972	987522
682	156193	987241
683	156460	987254
684	156690	987033
685	156894	986653
686	157152	986607
687	157392	986450
688	157664	986490
689	157908	986358
690	158143	986166
691	158374	985949
692	158625	985856
693	158848	985590
694	159110	985568
695	159344	985371
696	159534	984901
697	159761	984661
698	160007	984535
699	160223	984228
700	160466	984086
701	160721	984021
702	160988	984021
703	161224	983838
704	161426	983443
705	161651	983187
706	161889	983013
707	162100	982675
708	162349	982570
709	162567	982276
710	162785	981977
711	163004	981692
712	163255	981594
713	163454	981182
714	163675	980906
715	163891	980605
716	164158	980599
717	164401	980454
718	164620	980169
719	164842	979896
720	165059	979595
721	165320	979560
722	165546	979311
723	165771	979059
724	166017	978929
725	166249	978721
726	166507	978661
727	166710	978280
728	166906	977854
729	167166	977808
730	167426	977760
731	167661	977565
732	167873	977236
733	168115	977085
734	168339	976824
735	168584	976692
736	168794	976353
737	169037	976203
738	169287	976092
739	169524	975911
740	169818	976057
741	170052	975855
742	170272	975570
743	170499	975332
744	170746	975201
745	170987	975041
746	171208	974764
747	171431	974502
748	171687	974425
749	171919	974210
750	172151	973997
751	172368	973697
752	172585	973400
753	172816	973180
754	173069	973085
755	173302	972875
756	173547	972737
757	173801	972647
758	174062	972595
759	174307	972450
760	174535	972213
761	174931	972914
762	175168	972724
763	175363	972303
764	175583	972021
765	175828	971878
766	176036	971529
767	176259	971263
768	176511	971159
769	176771	971094
770	177029	971023
771	177265	970827
772	177513	970695
773	177746	970484
774	178013	970460
775	178242	970225
776	178493	970113
777	178743	969995
778	179095	970428
779	179318	970158
780	179540	969884
781	179791	969771
782	180021	969538
783	180242	969262
784	180451	968919
785	180664	968598
786	180860	968188
787	181081	967914
788	181412	968223
789	181678	968182
790	181912	967978
791	182181	967955
792	182412	967729
793	182619	967378
794	182849	967145
795	183109	967075
796	183340	966848
797	183582	966685
798	183857	966688
799	184082	966430
800	184301	966144
801	184526	965888
802	184776	965760
803	185002	965513
804	185246	965351
805	185479	965139
806	185717	964946
807	185944	964700
808	186171	964455
809	186401	964226
810	186738	964544
811	186947	964204
812	187177	963975
813	187379	963600
814	187602	963334
815	187830	963091
816	188057	962843
817	188239	962369
818	188494	962263
819	188728	962055
820	188988	961977
821	189238	961849
822	189468	961617
823	189708	961436
824	189922	961122
825	190163	960946
826	190385	960676
827	190613	960435
828	190868	960328
829	191191	960564
830	191421	960331
831	191670	960197
832	191883	959880
833	192196	960061
834	192437	959884
835	192673	959677
836	192881	959338
837	193126	959177
838	193342	958879
839	193618	958871
840	193872	958757
841	194130	958662
842	194339	958328
843	194580	958147
844	194806	957894
845	195036	957660
846	195330	957740
847	195552	957467
848	195784	957247
849	196042	957149
850	196299	957046
851	196537	956852
852	196744	956504
853	196955	956180
854	197218	956104
855	197440	955832
856	197657	955538
857	197898	955356
858	198107	955019
859	198331	954756
860	198561	954524
861	198814	954400
862	199069	954287
863	199291	954016
